{
  "id": "3805530",
  "name": "摩托",
  "font_family": "iconfont",
  "css_prefix_text": "icon-",
  "description": "",
  "glyphs": [
    {
      "icon_id": "398275",
      "name": "温度",
      "font_class": "wendu",
      "unicode": "e630",
      "unicode_decimal": 58928
    },
    {
      "icon_id": "1541994",
      "name": "温度",
      "font_class": "wendu1",
      "unicode": "e611",
      "unicode_decimal": 58897
    },
    {
      "icon_id": "515354",
      "name": "速度_speed8",
      "font_class": "suduspeed8",
      "unicode": "e6d6",
      "unicode_decimal": 59094
    },
    {
      "icon_id": "629339",
      "name": "时间",
      "font_class": "shijian",
      "unicode": "e64d",
      "unicode_decimal": 58957
    },
    {
      "icon_id": "3854418",
      "name": "秒表",
      "font_class": "miaobiao",
      "unicode": "e67b",
      "unicode_decimal": 59003
    },
    {
      "icon_id": "4685777",
      "name": "速度",
      "font_class": "Group-",
      "unicode": "e6ac",
      "unicode_decimal": 59052
    },
    {
      "icon_id": "4878485",
      "name": "左侧-轨道",
      "font_class": "zuoce-guidao",
      "unicode": "e6dd",
      "unicode_decimal": 59101
    },
    {
      "icon_id": "23791301",
      "name": "田块海拔",
      "font_class": "tiankuaihaiba",
      "unicode": "ea06",
      "unicode_decimal": 59910
    },
    {
      "icon_id": "1905053",
      "name": "轮组",
      "font_class": "groupsets_",
      "unicode": "e60b",
      "unicode_decimal": 58891
    },
    {
      "icon_id": "9499816",
      "name": "骑行",
      "font_class": "ziyuan",
      "unicode": "e616",
      "unicode_decimal": 58902
    },
    {
      "icon_id": "9945077",
      "name": "仪表板",
      "font_class": "yibiaoban",
      "unicode": "e69b",
      "unicode_decimal": 59035
    },
    {
      "icon_id": "10032928",
      "name": "仪表",
      "font_class": "yibiao",
      "unicode": "e6a5",
      "unicode_decimal": 59045
    },
    {
      "icon_id": "11995282",
      "name": "骑行摩托",
      "font_class": "qihangmotuo",
      "unicode": "e7a4",
      "unicode_decimal": 59300
    },
    {
      "icon_id": "23403669",
      "name": "摩托车",
      "font_class": "motuoche",
      "unicode": "e652",
      "unicode_decimal": 58962
    },
    {
      "icon_id": "30640790",
      "name": "仪表盘",
      "font_class": "yibiaopan",
      "unicode": "e6c4",
      "unicode_decimal": 59076
    },
    {
      "icon_id": "16322917",
      "name": "骑车",
      "font_class": "qiche",
      "unicode": "e700",
      "unicode_decimal": 59136
    }
  ]
}
