{
	"pages": [ 
		{
			"path": "pages/index/index",
			"style": {
				"navigationBarTitleText": "骑行"
			}
		},
		{
			"path": "pages/ride/ride",
			"style": {
				"navigationBarTitleText": "骑行记录"
			}
		},
		{
			"path": "pages/my/my",
			"style": {
				"navigationBarTitleText": "我的"
			}
		}
	    
    ],
	
	"tabBar": {
		"selectedColor": "#C00000",
		"list": [{
				"pagePath": "pages/index/index",
				"text": "骑行",
				"iconPath": "static/tab_icons/home.png",
				"selectedIconPath": "static/tab_icons/home-active.png"
				  // "iconfont": {
				  //         "text": "\ue102",
				  //         "selectedText": "\ue103",
				  //         "fontSize": "17px",
				  //         "color": "#000000",
				  //         "selectedColor": "#0000ff"
				  //       }
			},
			{
				"pagePath": "pages/my/my",
				"text": "我的",
				"iconPath": "static/tab_icons/my.png",
				"selectedIconPath": "static/tab_icons/my-active.png"
			}
		]
	},
	"globalStyle": {
		"navigationBarTextStyle": "black",
		"navigationBarTitleText": "uni-app",
		"navigationBarBackgroundColor": "#F8F8F8",
		"backgroundColor": "#F8F8F8",
		"pageOrientation": "auto"
	}
}
